toode,Kategooriad_kategooria,hind,nimi,ostuhind,kuvatav,inventeeritav
0,11,1,Raha,0,0,0
1,1,1.4,Premium,,1,1
2,1,1,Premium Purk 0.33L,,0,0
3,1,2,Must Nunn,,0,0
4,1,1.2,Pilsner,,1,1
8,3,0.4,Viin,,0,0
11,4,0.8,Limonaad,,1,1
16,16,1.7,G:N Longero 0.5L,,1,1
18,7,2.2,Piraat,,0,0
19,8,1.5,Estrella,,0,0
20,7,0.7,Kartulipuder,,0,0
21,7,28,Makaroniroog,23.4,0,0
24,7,2.6,Pilaff,,0,0
25,7,2,Pelmeenid,2.160714285714288,0,0
27,7,1,Kalapulgad,,0,0
39,1,1.5,Kriek Ale,,0,0
40,3,0.5,Metaxa,0.5,0,0
50,0,0.2,Tee,50,0,0
54,4,1.2,Mullivesi 1.5L,,0,0
56,1,1,Somersby,1,0,0
61,3,4,Johnny Walker Red Label,2.65,0,0
63,8,1.2,Tuc küpsised,1.2,0,0
68,3,0.4,Peninuki rumm,,0,0
70,8,0.7,Kit Kat,,0,0
72,10,1,Raha,0,0,0
74,3,0.9,Chateau De Montifaud,,0,0
75,3,1,0.4,,0,0
76,7,22,Felix kiirtoit,20,0,0
82,8,6,Mexicorn,4.55,0,0
93,7,7,KitKat,5,0,0
95,3,3.5,Golden age,2.08,0,0
96,7,15,Paneeritud kroketid,10.9,0,0
97,7,8,Krabimaitseline pulk,4.9,0,0
98,5,35,"Gato Negro 37,5cl",25,0,0
100,1,2,Double Bock,,0,0
102,3,0.6,Tekiila,,0,0
103,5,35,šampus,29,0,0
105,0,0.2,Valuvaigisti,4.06,0,0
106,0,0.3,Masinakohv,3,0,0
107,4,1.5,Vitamineral,,0,0
108,0,7,Suits,,0,0
110,5,75,Old Tbilisi,57.9,0,0
111,7,25,Aedoad tomatikastmes,18.6,0,0
113,1,0.4,Sisseandmine,,0,0
116,1,1.65,McCallums,0.2,0,0
117,3,0.3,Jim Beam,,0,0
120,7,1,Baguette,0.75,0,0
121,7,1.3,Tupla,,1,1
130,7,16,Kartuli-hernepuder,12,0,0
135,11,-1,Ettemaks,19872084449495116,1,0
149,7,2.6,Makaroniroog,,0,0
150,1,1.8,Warsteiner,,1,1
152,7,2.6,Kodune seljanka,,0,0
153,4,1.1,Värska mineraalvesi 1L,,0,0
154,3,0.6,Ballantines,,0,0
155,9,0.5,Halb nali,0,0,0
156,1,2,Grimb/Troll/Hoeg/Bud,1.5,0,0
158,3,0.35,Red Label (viski),,0,0
162,8,0.85,Daim,0.8500000000000002,0,0
163,12,0.2,Käterätiku kasutus,1,0,0
164,3,0.4,Martini,,0,0
166,3,0.65,Absint,,0,0
169,7,1.2,Kismet,,1,1
173,3,0.5,Galliano,,0,0
178,7,1.6,Friikartul 500g,,0,0
179,7,2.5,Mehhiko pada,2.2,0,0
180,7,0.7,Popcorn,,0,0
183,8,0.5,Twixilaadne toode,,0,0
186,12,0.25,Hommikumantli kasutus,,0,0
187,3,0.5,Baileys,,0,0
190,3,2.5,Gin ja Tonic,1.6,0,0
192,3,0.6,Tequila,,0,0
194,3,0.4,Ouzo,1,0,0
195,4,0.8,Kelluke,,0,0
197,4,0.9,Pepsi 0.5,,0,0
199,1,2.5,vil! Käpa IPA,0.08571428571428572,0,0
201,11,1,Esitatud arve,1,0,0
204,4,1.6,ØRN Toonik,,1,1
205,5,5,Wõlu,,0,0
206,4,1,Schweppes 0.5l,1,0,0
207,4,2.25,Cola 1.5L,,0,0
208,16,1.7,Karksi Õunasiider,,1,1
212,1,2.5,Käpa õlu 0.33,,0,0
227,7,0.5,Croissant,,0,0
231,4,0.8,Kali,,1,1
236,7,2,Krõpsud Taffel (SUURED),,0,0
242,16,1.8,Hoggys Longero 0.5L,,0,0
313,3,1,Jägermeister,,0,0
315,7,0.9,Snickers,0.030000000000000002,0,0
318,11,1,Muu repart,,1,0
326,1,1.3,Le Coq Abbey,1.3,0,0
327,1,1.3,Le Coq Blanche,1.3,0,0
331,3,0.4,Amaretto,,0,0
332,4,1.1,Fassbrause,,1,1
338,3,0.35,Limoncello,,0,0
340,4,0.5,Pepsi,,0,0
344,3,0.45,Riia Palsam,,0,0
345,4,2.6,Schweppes Toonik,,0,0
349,1,1.95,König Ludwig,,0,0
355,1,1.8,Punane Papp,,0,0
356,11,1.5,Ukraina lint,4.25,0,0
358,1,1.4,Alexander,,1,1
359,16,1.5,Hoggys siider 0.33L,,0,0
360,16,1.5,Hoggys HARD siider,,0,0
368,1,3,Kriek,,0,0
380,4,1,ALKOVABA õlu🍺,,1,1
382,4,1,xd,,0,0
384,3,0.75,Stroh 80°,,0,0
386,4,2,MØNSTER Energy,,0,0
390,3,1,Saaremaa Dry Gin,,0,0
393,4,0.15,Ingverirüübe (1cl),,0,0
397,1,2,Franconian,-0.07459935897435921,0,0
399,11,10,Vessu tubakas (1 pakk),-0.6597402597402595,0,0
400,11,0.5,Vesipiibu süsi,,0,0
407,3,0.35,MINTTU,,0,0
409,4,0.9,Toonik 0.33,0.09361471861471861,0,0
412,4,1.5,Alkovaba Glögi (kapis),,0,0
413,3,0.4,ARARAT,,0,0
414,3,0.6,JW Black Label,,0,0
415,1,2,Winter Stout,0.3125,0,0
416,1,1.5,Double Bock,,0,0
417,1,2.3,Hacker Pschorr,,0,0
418,5,14,Portvein,-2251799813685247.5,0,0
420,7,1.75,Külmutatud kalapulgad,,0,0
421,15,5,Chimay Blue,,0,0
422,15,4.5,Triple Karmeliet,,0,0
423,1,4,Selveri Pilsner 2L,,0,0
424,1,1.7,Alexander pint(õllekatk),,0,0
425,16,1.7,G:N Turbo,,0,0
426,1,1.4,Special,,1,1
427,1,2,Imperial Double Stout,,0,0
428,1,1,Walter,,0,0
429,7,1,Soolapähklid,,0,0
430,4,1.2,LILLEPIDU🌻,-2.75,0,0
431,1,2,Blond Munk,,0,0
432,4,1.1,AURA MAHL 0.33,,0,0
433,1,1.7,West Coast Pilsner,,0,0
434,16,1.7,Hoggys Gin Long Drink,,1,1
435,5,8,9/2 Punane vein,15.363636363636365,1,1
436,7,0.6,Jäätis,,0,0
437,7,3.5,Pitsa,,0,0
440,7,1.2,KRÕPS (VIGUR),0.17223529411764704,0,0
441,7,1,Tuc Bake Rolls,,0,0
442,17,10,Parkimiskaardi laenutus (START),10,1,
443,17,-10,Parkimiskaardi tagastus (LÕPP),-10,1,
444,7,2.6,Neljapäeva õhtusöök,2.6,0,
445,18,1,Sära,,0,0
446,18,2,Guava Gose,,0,0
447,18,1.8,Werner,,0,0
448,3,0.35,Gordons džinn,0.35,0,0
449,3,1,Kümmerling,,0,0
450,4,2,Dr. Active,,0,0
451,1,1.3,Pilsner,,0,0
452,1,1.2,Le coq Extra Lime/Ginger,1.1296296296296298,0,0
453,1,3,Helles Schlenkerla Lager,3.0277777777777777,0,0
999,1,4.2,Double Bock 2L,0,0,0
1000,3,0.5,Kännu Kukk,,0,0
1001,18,2.5,Ivory Tower,2.5,0,0
1002,3,0.4,Rumm,,1,1
1003,4,1.5,AURA MAHL 1L,1.5,0,0
1004,5,2,15cl punane vein,2,0,0
1005,5,7.5,75cl valge vein,,0,0
1006,3,0.4,džinn Kingsmill,0.4,0,0
1010,1,1.8,Weihenstephaner Festbier,1.8,0,0
1011,7,2,Pringles,2.0555555555555554,0,0
1012,3,0.3,Soplica,0.006666666666666667,1,1
1013,16,1.7,Hoggys Yuzu,,1,1
1014,3,1,Vana Tallinn,,0,0
1015,1,1.5,Summer Ale,,0,0
1016,16,1.2,CrowMoor Siider,1.2000000000000004,0,0
1018,4,1.4,ForMe vitamiinivesi,,1,1
1019,1,2,Alexander Purk 0.33L,,0,0
1020,4,1,Gaasita vesi 1.5L,1.8294444444444444,1,1
1021,4,0.8,Aura vesi (Sprak),0.8,0,0
1023,4,1,Rose limo,0.04487179487179487,0,0
1024,1,1.8,Kozel,0.13421052631578947,0,0
1025,1,1.4,Tanker Sauna Lager,0.05833333333333333,0,0
1026,3,0.4,Viski,,1,1
1027,3,1,Konjak,,1,1
1028,4,0.6,A1M Koola,0.08427456382001836,0,0
1029,1,1.8,Staropramen,0.04584717607973422,0,0
1030,7,0.9,Kartulivahvel,0.9,0,0
1031,7,1.5,Taffel,1.5,0,0
1032,1,1.4,Tõmmu Hiid,0.5918026042803489,1,1
1033,4,2,Belief energiajook,,0,0
1034,4,1.6,Borjomi 0.75,0.13333333333333333,0,0
1036,7,2,Teravad pähklid,,0,0
1037,1,1.2,Kriek 0.33L,,0,0
1038,3,0.4,Gin,0.26774647887323944,1,1
1039,16,1.3,"Longero 0,33",,1,1
1040,3,1,Renault konjak,,0,0
1041,1,2.2,Spaten,2.1999999999999997,0,0
1042,1,2,Peninuki kokteil,1,0,0
1043,1,2,Alexander purk 0.5L,,0,0
1044,1,1.7,Pilsner purk 0.5L,1.7000000000000002,0,0
1046,1,3,Pilsner 2L,,1,1
1047,1,2,Staropramen,2,0,0
1048,7,1,Kinder,,0,0
1049,7,1.1,Bon Chance leivasnäkid,,0,0
1050,7,1.5,Haribo,0.07142857142857142,0,0
1051,3,0.4,Peninuki gin,0.35,0,0
1052,3,0.4,Peninuki viin,0.4,0,0
1053,3,0.4,Peninuki liköör,0.3,0,0
1054,4,1.4,Clausthaler,,0,0
1055,4,1.5,San Pellegrino,1.4,0,0
1056,7,2,Pelmeenid,1.625,0,0
1057,7,1.2,Kummikommid,,0,0
1058,1,2,Alecoq Oktoberbrew,,0,0
1059,1,3,Valmiermuiža,2.4,0,0
1060,7,0.6,Wang nuudlid,0.45,0,0
1061,7,1,Topsis nuudel,0.85,0,0
1062,16,3.2,Longero 1.5L,0.6999999999999998,1,1
1064,1,1,Salmi Vaadiõlu,,0,0
1065,1,2.2,Hoegaarden,2.1999999999999997,0,0
1066,16,1.1,Hoggys Pear siider,1.0999999999999999,0,0
1067,16,1.5,Glönkero,1.29,0,0
1068,4,0.7,Saaremaa Vesi 0.5,0.3,1,1
1069,7,0.5,Kiirnuudlid,,1,1
1070,7,3,Taffel Krõpsud 200g,2.66666666666667,0,0
1071,7,2.5,Taffel Krõpsud 165g,2.2,0,0
1072,7,1.6,Väiksed Krõpsud ,1.3,0,0
1073,7,1,KitKat ,0.7,0,0
1074,7,1.4,Lion šokolaadibatoon,0.12952380952380954,0,0
1075,1,1.4,Imperial Gold ,0.9395,0,0
1076,1,1.5,Katmandu NEIPA,1.2041666666666666,0,0
1077,16,1.4,G:N Watermelon,0.020833333333333332,1,1
1078,3,18,Pudel Viina (1L),15,0,0
1079,1,1.4,Alexander Westfalen Pilsner,1.055,0,0
1080,4,0.8,Kuldne Apelsin ,,0,0
1081,4,1,Imperial Kvass,0.86,0,0
1082,4,1.2,Dünamiit 🧨,,1,1
1083,7,1.5,Ossi krõpsud,0.10977777777777778,0,0
1084,7,1.2,Corny šokolaadibatoon,0.7179166666666666,0,0
1085,1,1.3,Corona Extra,0.027322352678314017,1,1
1086,5,10,Vein,5.915584415584417,1,1
1087,1,1.3,Paulaner Lemon Radler,1,0,0
1088,7,2.5,Lays krõpsud,2.066666666666667,0,0
1089,4,1.1,Coca Cola 0.33,0.020833333333333332,0,0
1090,16,1.4,Hoggys HardPerry,0.02216934850863422,1,1
1091,4,0.8,Värska mineraalvesi 0.5L,0.13194444444444445,1,1
1092,3,0.35,Koskenkorva liköör,0.09414141414141415,0,0
1093,1,2.5,Paulaner Weissbier,1.1,0,0
1094,7,1.5,Tuc küpsised,0.06666666666666667,0,0
1095,7,1,Buldak nuudlid,0.1625,1,1
1096,4,3,Coca Cola 2L,0.5,1,1
